name, email, password
guest2, guest2@example.com, 123456
guest3, guest3@example.com, 123456
guest4, guest4@example.com, 123456
guest5, guest5@example.com, 123456
guest6, guest6@example.com, 123456
guest7, guest7@example.com, 123456
guest8, guest8@example.com, 123456
guest9, guest9@example.com, 123456
guest10, guest10@example.com, 123456
guest11, guest11@example.com, 123456
guest12, guest12@example.com, 123456
guest13, guest13@example.com, 123456
guest14, guest14@example.com, 123456
guest15, guest15@example.com, 123456